Stat,ImpactScore
Mins Played,0.0
Points,0.0
Tries,0.0
Conversions,0.0
Conversion Attempts,0.0
Penalty Goals,0.0
Goal Conversion Rate,0.0
1 Point Field Goals,0.0
2 Point Field Goals,0.0
Total Points,0.0
All Runs,0.0
All Run Metres,0.0
Kick Return Metres,0.0
Post Contact Metres,0.0
Line Breaks,0.0
Line Break Assists,0.0
Try Assists,0.0
Line Engaged Runs,0.0
Tackle Breaks,0.0
Hit Ups,0.0
Play The Ball,0.0
Average Play The Ball Speed,0.0
Dummy Half Runs,0.0
Dummy Half Run Metres,0.0
One on One Steal,0.0
Offloads,0.0
Dummy Passes,0.0
Passes,0.0
Receipts,0.0
Passes To Run Ratio,0.0
Tackle Efficiency,0.0
Tackles Made,0.0
Missed Tackles,0.0
Ineffective Tackles,0.0
Intercepts,0.0
Kicks Defused,0.0
Kicks,0.0
Kicking Metres,0.0
Forced Drop Outs,0.0
Bomb Kicks,0.0
Grubbers,0.0
40/20,0.0
20/40,0.0
Cross Field Kicks,0.0
Kicked Dead,0.0
Errors,0.0
Handling Errors,0.0
One on One Lost,0.0
Penalties,0.0
Ruck Infringements,0.0
Inside 10 Metres,0.0
On Report,0.0
Sin Bins,0.0
Send Offs,0.0
Stint One,0.0
Stint Two,0.0
